timestamp,file,img_w,img_h,active,mini,scene_sig,replay_count,running,update_delay,replay_try,replay_draw,merge_carry,no_draw_threads,played_threads,recorded_sprites,terminated,story_phase,story_scene_tag
2026-03-10 07:47:19,ps1-test-20260310-074718.png,1920,1080,90,90,90,90,90,90,90,90,90,90,90,90,90,90,90
2026-03-10 07:47:30,ps1-test-20260310-074729.png,1920,1080,90,90,90,90,90,90,90,90,90,90,90,90,90,90,90
2026-03-10 07:47:50,jcreborn 2026-03-10-07-47-50.png,636,474,1,1,2,90,90,90,90,90,90,90,90,90,90,2,5
2026-03-10 07:50:16,ps1-test-20260310-075015.png,1920,1080,90,90,90,90,90,90,90,90,90,90,90,90,90,90,90
2026-03-10 07:50:26,ps1-test-20260310-075026.png,1920,1080,90,90,90,90,90,90,90,90,90,90,90,90,90,90,90
2026-03-10 07:56:36,jcreborn 2026-03-10-07-56-36.png,636,474,1,1,2,90,90,90,90,90,90,90,90,90,90,2,5
2026-03-10 08:04:22,ps1-test-20260310-080422.png,1920,1080,90,90,90,90,90,90,90,90,90,90,90,90,90,90,90
2026-03-10 08:04:33,ps1-test-20260310-080432.png,1920,1080,90,90,90,90,90,90,90,90,90,90,90,90,90,90,90
2026-03-10 08:05:09,jcreborn 2026-03-10-08-05-09.png,636,474,1,1,2,90,90,90,90,90,90,90,90,90,90,2,5
2026-03-10 08:05:12,jcreborn 2026-03-10-08-05-12.png,636,474,2,1,7,0,0,0,0,0,0,0,0,0,0,2,5
2026-03-10 08:08:43,ps1-test-20260310-080843.png,1920,1080,90,90,90,90,90,90,90,90,90,90,90,90,90,90,90
2026-03-10 08:08:54,ps1-test-20260310-080853.png,1920,1080,90,90,90,90,90,90,90,90,90,90,90,90,90,90,90
2026-03-10 11:55:23,jcreborn 2026-03-10-11-55-23.png,636,474,0,2,8,90,90,90,90,90,90,90,90,90,90,3,7
2026-03-10 11:56:47,ps1-test-20260310-115647.png,1920,1080,90,90,90,90,90,90,90,90,90,90,90,90,90,90,90
2026-03-10 11:56:58,ps1-test-20260310-115657.png,1920,1080,90,90,90,90,90,90,90,90,90,90,90,90,90,90,90
2026-03-10 14:14:15,ps1-test-20260310-141414.png,1920,1080,90,90,90,90,90,90,90,90,90,90,90,90,90,90,90
2026-03-10 14:14:25,ps1-test-20260310-141425.png,1920,1080,90,90,90,90,90,90,90,90,90,90,90,90,90,90,90
2026-03-10 14:14:45,jcreborn 2026-03-10-14-14-45.png,636,474,3,2,2,90,90,90,90,90,90,90,90,90,90,2,5
2026-03-10 14:14:48,jcreborn 2026-03-10-14-14-48.png,636,474,3,2,6,90,90,90,90,90,90,90,90,90,90,2,5
2026-03-10 14:14:50,jcreborn 2026-03-10-14-14-50.png,636,474,0,2,8,0,0,0,0,0,0,0,0,0,0,2,5
2026-03-10 14:18:48,ps1-test-20260310-141848.png,1920,1080,90,90,90,90,90,90,90,90,90,90,90,90,90,90,90
2026-03-10 14:18:59,ps1-test-20260310-141859.png,1920,1080,90,90,90,90,90,90,90,90,90,90,90,90,90,90,90
2026-03-10 14:19:13,jcreborn 2026-03-10-14-19-12.png,636,474,3,1,8,90,90,90,90,90,90,90,90,90,90,2,5
2026-03-10 14:19:16,jcreborn 2026-03-10-14-19-16.png,636,474,3,2,4,0,0,0,0,0,0,0,0,0,0,2,5
2026-03-10 14:19:19,jcreborn 2026-03-10-14-19-19.png,636,474,3,2,2,90,90,90,90,90,90,90,90,90,90,2,5
2026-03-10 14:19:22,jcreborn 2026-03-10-14-19-21.png,636,474,3,2,6,90,90,90,90,90,90,90,90,90,90,2,5
2026-03-10 14:19:27,jcreborn 2026-03-10-14-19-27.png,636,474,3,1,3,90,90,90,90,90,90,90,90,90,90,2,5
2026-03-10 14:20:58,ps1-test-20260310-142058.png,1920,1080,90,90,90,90,90,90,90,90,90,90,90,90,90,90,90
2026-03-10 14:21:09,ps1-test-20260310-142109.png,1920,1080,90,90,90,90,90,90,90,90,90,90,90,90,90,90,90
2026-03-10 14:28:52,ps1-test-20260310-142851.png,1920,1080,90,90,90,90,90,90,90,90,90,90,90,90,90,90,90
2026-03-10 14:29:02,ps1-test-20260310-142902.png,1920,1080,90,90,90,90,90,90,90,90,90,90,90,90,90,90,90
2026-03-10 14:30:46,jcreborn 2026-03-10-14-30-46.png,636,474,0,1,7,90,90,90,90,90,90,90,90,90,90,2,5
2026-03-10 14:30:48,jcreborn 2026-03-10-14-30-48.png,636,474,0,1,1,90,90,90,90,90,90,90,90,90,90,2,5
2026-03-10 14:33:03,ps1-test-20260310-143302.png,1920,1080,90,90,90,90,90,90,90,90,90,90,90,90,90,90,90
2026-03-10 14:33:13,ps1-test-20260310-143313.png,1920,1080,90,90,90,90,90,90,90,90,90,90,90,90,90,90,90
2026-03-10 14:46:24,ps1-test-20260310-144623.png,1920,1080,90,90,90,90,90,90,90,90,90,90,90,90,90,90,90
2026-03-10 14:46:34,ps1-test-20260310-144634.png,1920,1080,90,90,90,90,90,90,90,90,90,90,90,90,90,90,90
2026-03-10 14:48:19,jcreborn 2026-03-10-14-48-19.png,636,474,0,1,1,90,90,90,90,90,90,90,90,90,90,2,5
2026-03-10 14:49:47,ps1-test-20260310-144946.png,1920,1080,90,90,90,90,90,90,90,90,90,90,90,90,90,90,90
2026-03-10 14:49:57,ps1-test-20260310-144957.png,1920,1080,90,90,90,90,90,90,90,90,90,90,90,90,90,90,90
2026-03-10 14:51:46,jcreborn 2026-03-10-14-51-46.png,636,474,0,1,4,90,90,90,90,90,90,90,90,90,90,2,5
2026-03-10 14:54:43,ps1-test-20260310-145442.png,1920,1080,90,90,90,90,90,90,90,90,90,90,90,90,90,90,90
2026-03-10 14:54:53,ps1-test-20260310-145453.png,1920,1080,90,90,90,90,90,90,90,90,90,90,90,90,90,90,90
2026-03-10 15:08:42,ps1-test-20260310-150842.png,1920,1080,90,90,90,90,90,90,90,90,90,90,90,90,90,90,90
2026-03-10 15:08:53,ps1-test-20260310-150853.png,1920,1080,90,90,90,90,90,90,90,90,90,90,90,90,90,90,90
2026-03-10 15:09:10,jcreborn 2026-03-10-15-09-10.png,636,474,20,1,6,90,90,90,90,90,90,90,90,90,90,2,5
2026-03-10 15:09:25,jcreborn 2026-03-10-15-09-25.png,636,474,15,1,6,90,90,90,90,90,90,90,90,90,90,3,5
2026-03-10 15:09:28,jcreborn 2026-03-10-15-09-28.png,636,474,15,1,2,90,90,90,90,90,90,90,90,90,90,3,5
2026-03-10 15:09:41,jcreborn 2026-03-10-15-09-41.png,636,474,15,1,4,90,90,90,90,90,90,90,90,90,90,3,5
2026-03-10 15:09:56,jcreborn 2026-03-10-15-09-56.png,636,474,15,1,8,90,90,90,90,90,90,90,90,90,90,3,5
2026-03-10 15:12:34,ps1-test-20260310-151234.png,1920,1080,90,90,90,90,90,90,90,90,90,90,90,90,90,90,90
2026-03-10 15:12:45,ps1-test-20260310-151244.png,1920,1080,90,90,90,90,90,90,90,90,90,90,90,90,90,90,90
2026-03-10 15:19:19,ps1-test-20260310-151918.png,1920,1080,90,90,90,90,90,90,90,90,90,90,90,90,90,90,90
2026-03-10 15:19:29,ps1-test-20260310-151929.png,1920,1080,90,90,90,90,90,90,90,90,90,90,90,90,90,90,90
2026-03-10 15:20:06,jcreborn 2026-03-10-15-20-06.png,636,474,2,1,6,90,90,90,90,90,90,90,90,90,90,3,5
2026-03-10 15:20:17,jcreborn 2026-03-10-15-20-17.png,636,474,2,1,6,90,90,90,90,90,90,90,90,90,90,3,5
2026-03-10 15:20:23,jcreborn 2026-03-10-15-20-23.png,636,474,2,1,4,90,90,90,90,90,90,90,90,90,90,3,5
2026-03-10 15:21:20,jcreborn 2026-03-10-15-21-20.png,636,474,0,1,4,90,90,90,90,90,90,90,90,90,90,3,10
2026-03-10 15:22:37,ps1-test-20260310-152236.png,1920,1080,90,90,90,90,90,90,90,90,90,90,90,90,90,90,90
2026-03-10 15:22:47,ps1-test-20260310-152247.png,1920,1080,90,90,90,90,90,90,90,90,90,90,90,90,90,90,90
2026-03-10 15:26:54,ps1-test-20260310-152654.png,1920,1080,90,90,90,90,90,90,90,90,90,90,90,90,90,90,90
2026-03-10 15:27:05,ps1-test-20260310-152704.png,1920,1080,90,90,90,90,90,90,90,90,90,90,90,90,90,90,90
2026-03-10 15:29:00,jcreborn 2026-03-10-15-29-00.png,636,474,0,1,4,90,90,90,90,90,90,90,90,90,90,3,10
2026-03-10 15:30:29,ps1-test-20260310-153029.png,1920,1080,90,90,90,90,90,90,90,90,90,90,90,90,90,90,90
2026-03-10 15:30:40,ps1-test-20260310-153040.png,1920,1080,90,90,90,90,90,90,90,90,90,90,90,90,90,90,90
2026-03-10 15:34:41,ps1-test-20260310-153440.png,1920,1080,90,90,90,90,90,90,90,90,90,90,90,90,90,90,90
2026-03-10 15:34:52,ps1-test-20260310-153451.png,1920,1080,90,90,90,90,90,90,90,90,90,90,90,90,90,90,90
2026-03-10 15:35:54,jcreborn 2026-03-10-15-35-54.png,636,474,3,1,2,90,90,90,90,90,90,90,90,90,90,2,1
2026-03-10 15:36:09,jcreborn 2026-03-10-15-36-09.png,636,474,0,1,3,90,90,90,90,90,90,90,90,90,90,2,1
2026-03-10 15:37:51,ps1-test-20260310-153751.png,1920,1080,90,90,90,90,90,90,90,90,90,90,90,90,90,90,90
2026-03-10 15:38:02,ps1-test-20260310-153802.png,1920,1080,90,90,90,90,90,90,90,90,90,90,90,90,90,90,90
2026-03-10 15:41:30,ps1-test-20260310-154129.png,1920,1080,90,90,90,90,90,90,90,90,90,90,90,90,90,90,90
2026-03-10 15:41:40,ps1-test-20260310-154140.png,1920,1080,90,90,90,90,90,90,90,90,90,90,90,90,90,90,90
2026-03-10 15:42:12,jcreborn 2026-03-10-15-42-11.png,636,474,4,1,2,90,90,90,90,90,90,90,90,90,90,3,7
2026-03-10 15:46:14,ps1-test-20260310-154613.png,1920,1080,90,90,90,90,90,90,90,90,90,90,90,90,90,90,90
2026-03-10 15:46:25,ps1-test-20260310-154624.png,1920,1080,90,90,90,90,90,90,90,90,90,90,90,90,90,90,90
2026-03-10 15:46:30,jcreborn 2026-03-10-15-46-29.png,636,474,6,1,2,6,0,4,0,1,6,0,0,90,90,2,4
2026-03-10 15:47:08,jcreborn 2026-03-10-15-47-08.png,636,474,0,1,8,0,0,0,1,1,0,0,0,90,90,3,4
2026-03-10 15:51:14,ps1-test-20260310-155114.png,1920,1080,90,90,90,90,90,90,90,90,90,90,90,90,90,90,90
2026-03-10 15:51:25,ps1-test-20260310-155124.png,1920,1080,90,90,90,90,90,90,90,90,90,90,90,90,90,90,90
2026-03-10 15:52:21,jcreborn 2026-03-10-15-52-21.png,636,474,0,1,7,0,0,0,1,1,0,0,0,90,90,2,7
2026-03-10 15:54:13,ps1-test-20260310-155413.png,1920,1080,90,90,90,90,90,90,90,90,90,90,90,90,90,90,90
2026-03-10 15:54:24,ps1-test-20260310-155423.png,1920,1080,90,90,90,90,90,90,90,90,90,90,90,90,90,90,90
2026-03-10 15:56:07,jcreborn 2026-03-10-15-56-07.png,636,474,1,1,8,1,0,1,0,1,1,0,0,90,90,2,4
2026-03-10 15:56:14,jcreborn 2026-03-10-15-56-14.png,636,474,1,1,1,1,0,0,0,1,1,0,0,90,90,2,4
2026-03-10 15:58:45,ps1-test-20260310-155844.png,1920,1080,90,90,90,90,90,90,90,90,90,90,90,90,90,90,90
2026-03-10 15:58:55,ps1-test-20260310-155855.png,1920,1080,90,90,90,90,90,90,90,90,90,90,90,90,90,90,90
